id,exame,ano,questao,titulo,area_primaria,area_secundaria,raciocinio_primario,raciocinio_secundario,categoria,subcategoria,dominio,fonte,tipo_exame,bloom
ena-2024-q01,ENA 2024,2024,1,Soma de irracionais,Teoria dos Numeros,,R023 (Reducao-ao-Absurdo),R009 (Critica-por-Contraexemplo),,,,ENA-2024-Solucoes.pdf,ENA,
ena-2024-q02,ENA 2024,2024,2,Sistema de inequacoes lineares,Algebra Linear,,R008 (Deducao-Formal-Passo-a-Passo),R054 (Otimizacao-Restrita),,,,ENA-2024-Solucoes.pdf,ENA,
ena-2024-q03,ENA 2024,2024,3,Juros compostos e financiamento,Matematica Financeira,,R008 (Deducao-Formal-Passo-a-Passo),R050 (Marginal-Incremental),,,,ENA-2024-Solucoes.pdf,ENA,
ena-2024-q04,ENA 2024,2024,4,Porcentagem de porcentagem,Aritmetica,,R008 (Deducao-Formal-Passo-a-Passo),R012 (Generalizacao-Estatistica),,,,ENA-2024-Solucoes.pdf,ENA,
ena-2024-q05,ENA 2024,2024,5,Pizzas e Lei dos Cossenos,Geometria Plana,,R065 (Simetria-Conservacao),R008 (Deducao-Formal-Passo-a-Passo),,,,ENA-2024-Solucoes.pdf,ENA,
ena-2024-q06,ENA 2024,2024,6,Circulo inscrito em setor circular,Geometria Plana,,R008 (Deducao-Formal-Passo-a-Passo),R066 (Dimensional-Analitico),,,,ENA-2024-Solucoes.pdf,ENA,
ena-2024-q07,ENA 2024,2024,7,Tabuleiro com padrao de cores,Sequencias,,R014 (Generalizacao-Matematica),R020 (Construcao-Escalonada),,,,ENA-2024-Solucoes.pdf,ENA,
ena-2024-q08,ENA 2024,2024,8,Torneio eliminatório de tenis,Combinatoria,,R014 (Generalizacao-Matematica),R081 (Complexidade-Assintotica),,,,ENA-2024-Solucoes.pdf,ENA,
ena-2024-q09,ENA 2024,2024,9,Anagramas de TEOREMA com vogal,Combinatoria,,R020 (Construcao-Escalonada),R008 (Deducao-Formal-Passo-a-Passo),,,,ENA-2024-Solucoes.pdf,ENA,
ena-2024-q10,ENA 2024,2024,10,Estatistica descritiva de notas,Estatistica,,R012 (Generalizacao-Estatistica),R027 (Verificacao-Empirica),,,,ENA-2024-Solucoes.pdf,ENA,
ena-2024-q11,ENA 2024,2024,11,Volume de tetraedro em cubo,Geometria Espacial,,R008 (Deducao-Formal-Passo-a-Passo),R066 (Dimensional-Analitico),,,,ENA-2024-Solucoes.pdf,ENA,
ena-2024-q12,ENA 2024,2024,12,Soma de progressao geometrica,Sequencias,,R008 (Deducao-Formal-Passo-a-Passo),R014 (Generalizacao-Matematica),,,,ENA-2024-Solucoes.pdf,ENA,
ena-2024-q13,ENA 2024,2024,13,Soma de progressao aritmetica,Sequencias,,R008 (Deducao-Formal-Passo-a-Passo),R014 (Generalizacao-Matematica),,,,ENA-2024-Solucoes.pdf,ENA,
ena-2024-q14,ENA 2024,2024,14,Escada extensivel na parede,Geometria Plana,,R008 (Deducao-Formal-Passo-a-Passo),R054 (Otimizacao-Restrita),,,,ENA-2024-Solucoes.pdf,ENA,
ena-2024-q15,ENA 2024,2024,15,Inequacao quadratica com parametros,Algebra,,R008 (Deducao-Formal-Passo-a-Passo),R009 (Critica-por-Contraexemplo),,,,ENA-2024-Solucoes.pdf,ENA,
ena-2024-q16,ENA 2024,2024,16,Identidade trigonometrica,Trigonometria,,R008 (Deducao-Formal-Passo-a-Passo),R065 (Simetria-Conservacao),,,,ENA-2024-Solucoes.pdf,ENA,
ena-2024-q17,ENA 2024,2024,17,Paridade de quadrados,Teoria dos Numeros,,R023 (Reducao-ao-Absurdo),R008 (Deducao-Formal-Passo-a-Passo),,,,ENA-2024-Solucoes.pdf,ENA,
ena-2024-q18,ENA 2024,2024,18,Conjunto de combinacoes lineares,Teoria dos Numeros,,R008 (Deducao-Formal-Passo-a-Passo),R101 (Topologico-Ponto-Fixo),,,,ENA-2024-Solucoes.pdf,ENA,
ena-2024-q19,ENA 2024,2024,19,Cercamento de area retangular,Otimizacao,,R054 (Otimizacao-Restrita),R008 (Deducao-Formal-Passo-a-Passo),,,,ENA-2024-Solucoes.pdf,ENA,
ena-2024-q20,ENA 2024,2024,20,Locadoras de automoveis,Algebra Linear,,R048 (Custo-Beneficio),R008 (Deducao-Formal-Passo-a-Passo),,,,ENA-2024-Solucoes.pdf,ENA,
ena-2024-q21,ENA 2024,2024,21,Grandezas inversamente proporcionais,Aritmetica,,R008 (Deducao-Formal-Passo-a-Passo),R066 (Dimensional-Analitico),,,,ENA-2024-Solucoes.pdf,ENA,
ena-2024-q22,ENA 2024,2024,22,Distribuicao de objetos em caixas,Combinatoria,,R020 (Construcao-Escalonada),R017 (Sintese-Criativa),,,,ENA-2024-Solucoes.pdf,ENA,
ena-2024-q23,ENA 2024,2024,23,Propriedades de radiciacao,Algebra,,R009 (Critica-por-Contraexemplo),R008 (Deducao-Formal-Passo-a-Passo),,,,ENA-2024-Solucoes.pdf,ENA,
ena-2024-q24,ENA 2024,2024,24,Area do circulo por aproximacao,Geometria Plana,,R066 (Dimensional-Analitico),R048 (Custo-Beneficio),,,,ENA-2024-Solucoes.pdf,ENA,
ena-2024-q25,ENA 2024,2024,25,Sorteio com ausentes,Probabilidade,,R012 (Generalizacao-Estatistica),R027 (Verificacao-Empirica),,,,ENA-2024-Solucoes.pdf,ENA,
ena-2024-q26,ENA 2024,2024,26,Aumento percentual da area,Geometria Plana,,R066 (Dimensional-Analitico),R008 (Deducao-Formal-Passo-a-Passo),,,,ENA-2024-Solucoes.pdf,ENA,
ena-2024-q27,ENA 2024,2024,27,Quadrado e area interna,Geometria Plana,,R008 (Deducao-Formal-Passo-a-Passo),R065 (Simetria-Conservacao),,,,ENA-2024-Solucoes.pdf,ENA,
ena-2024-q28,ENA 2024,2024,28,Funcao quadratica e simetria,Algebra,,R065 (Simetria-Conservacao),R008 (Deducao-Formal-Passo-a-Passo),,,,ENA-2024-Solucoes.pdf,ENA,
ena-2024-q29,ENA 2024,2024,29,Equacao com infinitas solucoes,Algebra Linear,,R008 (Deducao-Formal-Passo-a-Passo),R101 (Topologico-Ponto-Fixo),,,,ENA-2024-Solucoes.pdf,ENA,
ena-2024-q30,ENA 2024,2024,30,Anagramas de PORTO - permutacao caotica,Combinatoria,,R020 (Construcao-Escalonada),R017 (Sintese-Criativa),,,,ENA-2024-Solucoes.pdf,ENA,
ena-2025-q01,ENA 2025,2025,1,Desconto maximo apos aumento,Aritmetica,,R008 (Deducao-Formal-Passo-a-Passo),R048 (Custo-Beneficio),,,,ENA-2025-Solucoes.pdf,ENA,
ena-2025-q02,ENA 2025,2025,2,Numeros impares de 4 algarismos,Combinatoria,,R020 (Construcao-Escalonada),R017 (Sintese-Criativa),,,,ENA-2025-Solucoes.pdf,ENA,
ena-2025-q03,ENA 2025,2025,3,Contraexemplos para implicacoes,Logica,,R009 (Critica-por-Contraexemplo),R023 (Reducao-ao-Absurdo),,,,ENA-2025-Solucoes.pdf,ENA,
ena-2025-q04,ENA 2025,2025,4,Graficos de funcao afim e quadratica,Algebra,,R008 (Deducao-Formal-Passo-a-Passo),R065 (Simetria-Conservacao),,,,ENA-2025-Solucoes.pdf,ENA,
ena-2025-q05,ENA 2025,2025,5,Area de triangulo com angulo 30,Geometria Plana,,R008 (Deducao-Formal-Passo-a-Passo),R065 (Simetria-Conservacao),,,,ENA-2025-Solucoes.pdf,ENA,
ena-2025-q06,ENA 2025,2025,6,Diagonal do retangulo,Geometria Plana,,R008 (Deducao-Formal-Passo-a-Passo),R065 (Simetria-Conservacao),,,,ENA-2025-Solucoes.pdf,ENA,
ena-2025-q07,ENA 2025,2025,7,Area de triangulo por semelhanca,Geometria Plana,,R008 (Deducao-Formal-Passo-a-Passo),R066 (Dimensional-Analitico),,,,ENA-2025-Solucoes.pdf,ENA,
ena-2025-q08,ENA 2025,2025,8,Soma de 10 inteiros consecutivos,Sequencias,,R014 (Generalizacao-Matematica),R008 (Deducao-Formal-Passo-a-Passo),,,,ENA-2025-Solucoes.pdf,ENA,
ena-2025-q09,ENA 2025,2025,9,Conjuntos: divisibilidade por 8 e 10,Teoria dos Numeros,,R008 (Deducao-Formal-Passo-a-Passo),R101 (Topologico-Ponto-Fixo),,,,ENA-2025-Solucoes.pdf,ENA,
ena-2025-q10,ENA 2025,2025,10,Mediana de dados agrupados,Estatistica,,R012 (Generalizacao-Estatistica),R027 (Verificacao-Empirica),,,,ENA-2025-Solucoes.pdf,ENA,
ena-2025-q11,ENA 2025,2025,11,Anagramas de DIVISIBILIDADE,Combinatoria,,R020 (Construcao-Escalonada),R017 (Sintese-Criativa),,,,ENA-2025-Solucoes.pdf,ENA,
ena-2025-q12,ENA 2025,2025,12,PG com soma dos termos,Sequencias,,R008 (Deducao-Formal-Passo-a-Passo),R014 (Generalizacao-Matematica),,,,ENA-2025-Solucoes.pdf,ENA,
ena-2025-q13,ENA 2025,2025,13,Equacao com raiz quadrada,Algebra,,R008 (Deducao-Formal-Passo-a-Passo),R009 (Critica-por-Contraexemplo),,,,ENA-2025-Solucoes.pdf,ENA,
ena-2025-q14,ENA 2025,2025,14,Segmento em quadrado,Geometria Plana,,R008 (Deducao-Formal-Passo-a-Passo),R065 (Simetria-Conservacao),,,,ENA-2025-Solucoes.pdf,ENA,
ena-2025-q15,ENA 2025,2025,15,Triangulo retangulo em PA,Trigonometria,,R014 (Generalizacao-Matematica),R065 (Simetria-Conservacao),,,,ENA-2025-Solucoes.pdf,ENA,
ena-2025-q16,ENA 2025,2025,16,Menor valor de funcao quadratica,Algebra,,R054 (Otimizacao-Restrita),R008 (Deducao-Formal-Passo-a-Passo),,,,ENA-2025-Solucoes.pdf,ENA,
ena-2025-q17,ENA 2025,2025,17,Irracional elevado a irracional,Teoria dos Numeros,,R023 (Reducao-ao-Absurdo),R009 (Critica-por-Contraexemplo),,,,ENA-2025-Solucoes.pdf,ENA,
ena-2025-q18,ENA 2025,2025,18,Ponto abaixo da reta,Algebra Linear,,R008 (Deducao-Formal-Passo-a-Passo),R054 (Otimizacao-Restrita),,,,ENA-2025-Solucoes.pdf,ENA,
ena-2025-q19,ENA 2025,2025,19,Potencias e radiciacao,Algebra,,R008 (Deducao-Formal-Passo-a-Passo),R066 (Dimensional-Analitico),,,,ENA-2025-Solucoes.pdf,ENA,
ena-2025-q20,ENA 2025,2025,20,Numeros de tres algarismos invertidos,Teoria dos Numeros,,R008 (Deducao-Formal-Passo-a-Passo),R020 (Construcao-Escalonada),,,,ENA-2025-Solucoes.pdf,ENA,
ena-2025-q21,ENA 2025,2025,21,Razao em trapezio,Geometria Plana,,R008 (Deducao-Formal-Passo-a-Passo),R065 (Simetria-Conservacao),,,,ENA-2025-Solucoes.pdf,ENA,
ena-2025-q22,ENA 2025,2025,22,Equivalencia de desigualdades,Algebra,,R008 (Deducao-Formal-Passo-a-Passo),R009 (Critica-por-Contraexemplo),,,,ENA-2025-Solucoes.pdf,ENA,
ena-2025-q23,ENA 2025,2025,23,Porcentagem de criancas,Aritmetica,,R008 (Deducao-Formal-Passo-a-Passo),R048 (Custo-Beneficio),,,,ENA-2025-Solucoes.pdf,ENA,
ena-2025-q24,ENA 2025,2025,24,Rapazes e mocas,Algebra Linear,,R101 (Topologico-Ponto-Fixo),R008 (Deducao-Formal-Passo-a-Passo),,,,ENA-2025-Solucoes.pdf,ENA,
ena-2025-q25,ENA 2025,2025,25,Soma de dados igual a 7,Probabilidade,,R012 (Generalizacao-Estatistica),R027 (Verificacao-Empirica),,,,ENA-2025-Solucoes.pdf,ENA,
ena-2025-q26,ENA 2025,2025,26,Razao apos transferencia,Aritmetica,,R008 (Deducao-Formal-Passo-a-Passo),R048 (Custo-Beneficio),,,,ENA-2025-Solucoes.pdf,ENA,
ena-2025-q27,ENA 2025,2025,27,Paridade de expressoes,Teoria dos Numeros,,R023 (Reducao-ao-Absurdo),R008 (Deducao-Formal-Passo-a-Passo),,,,ENA-2025-Solucoes.pdf,ENA,
ena-2025-q28,ENA 2025,2025,28,Volume de tetraedro em paralelepipedo,Geometria Espacial,,R008 (Deducao-Formal-Passo-a-Passo),R066 (Dimensional-Analitico),,,,ENA-2025-Solucoes.pdf,ENA,
ena-2025-q29,ENA 2025,2025,29,Efeito da duplicacao em area/volume,Geometria,,R066 (Dimensional-Analitico),R008 (Deducao-Formal-Passo-a-Passo),,,,ENA-2025-Solucoes.pdf,ENA,
ena-2025-q30,ENA 2025,2025,30,Subconjuntos de conjunto finito,Combinatoria,,R014 (Generalizacao-Matematica),R008 (Deducao-Formal-Passo-a-Passo),,,,ENA-2025-Solucoes.pdf,ENA,
ena-2026-q01,ENA 2026,2026,1,Caminhada percentual,Aritmetica,,R008 (Deducao-Formal-Passo-a-Passo),R008 (Deducao-Formal-Passo-a-Passo),,,,ENA-2026-Gabarito-com-Solucoes.pdf,ENA,
ena-2026-q02,ENA 2026,2026,2,Parabola com ponto fixo,Algebra,,R008 (Deducao-Formal-Passo-a-Passo),R008 (Deducao-Formal-Passo-a-Passo),,,,ENA-2026-Gabarito-com-Solucoes.pdf,ENA,
ena-2026-q03,ENA 2026,2026,3,Retangulo area e diagonal,Geometria Plana,,R008 (Deducao-Formal-Passo-a-Passo),R065 (Simetria-Conservacao),,,,ENA-2026-Gabarito-com-Solucoes.pdf,ENA,
ena-2026-q04,ENA 2026,2026,4,Identidade trigonometrica,Trigonometria,,R008 (Deducao-Formal-Passo-a-Passo),R066 (Dimensional-Analitico),,,,ENA-2026-Gabarito-com-Solucoes.pdf,ENA,
ena-2026-q05,ENA 2026,2026,5,Inequacao quadratica,Algebra,,R008 (Deducao-Formal-Passo-a-Passo),R008 (Deducao-Formal-Passo-a-Passo),,,,ENA-2026-Gabarito-com-Solucoes.pdf,ENA,
ena-2026-q06,ENA 2026,2026,6,Probabilidade sem reposicao,Probabilidade,,R114 (Probabilidade-Contagem),R008 (Deducao-Formal-Passo-a-Passo),,,,ENA-2026-Gabarito-com-Solucoes.pdf,ENA,
ena-2026-q07,ENA 2026,2026,7,Inequacao racional,Algebra,,R008 (Deducao-Formal-Passo-a-Passo),R008 (Deducao-Formal-Passo-a-Passo),,,,ENA-2026-Gabarito-com-Solucoes.pdf,ENA,
ena-2026-q08,ENA 2026,2026,8,MMC e promocoes simultaneas,Aritmetica,,R008 (Deducao-Formal-Passo-a-Passo),R014 (Generalizacao-Matematica),,,,ENA-2026-Gabarito-com-Solucoes.pdf,ENA,
ena-2026-q09,ENA 2026,2026,9,Equacao modular cubica,Algebra,,R008 (Deducao-Formal-Passo-a-Passo),R023 (Reducao-ao-Absurdo),,,,ENA-2026-Gabarito-com-Solucoes.pdf,ENA,
ena-2026-q10,ENA 2026,2026,10,Paralelepipedo inclinado,Geometria Espacial,,R065 (Simetria-Conservacao),R066 (Dimensional-Analitico),,,,ENA-2026-Gabarito-com-Solucoes.pdf,ENA,
ena-2026-q11,ENA 2026,2026,11,Afirmacoes sobre reais,Algebra,,R009 (Critica-por-Contraexemplo),R008 (Deducao-Formal-Passo-a-Passo),,,,ENA-2026-Gabarito-com-Solucoes.pdf,ENA,
ena-2026-q12,ENA 2026,2026,12,Senha sem digitos iguais consecutivos,Combinatoria,,R020 (Construcao-Escalonada),R008 (Deducao-Formal-Passo-a-Passo),,,,ENA-2026-Gabarito-com-Solucoes.pdf,ENA,
ena-2026-q13,ENA 2026,2026,13,Area do quadrado menor,Geometria Plana,,R065 (Simetria-Conservacao),R008 (Deducao-Formal-Passo-a-Passo),,,,ENA-2026-Gabarito-com-Solucoes.pdf,ENA,
ena-2026-q14,ENA 2026,2026,14,Intersecao unica parabola-reta,Algebra,,R008 (Deducao-Formal-Passo-a-Passo),R054 (Otimizacao-Restrita),,,,ENA-2026-Gabarito-com-Solucoes.pdf,ENA,
ena-2026-q15,ENA 2026,2026,15,Equacao fracionaria,Algebra,,R008 (Deducao-Formal-Passo-a-Passo),R008 (Deducao-Formal-Passo-a-Passo),,,,ENA-2026-Gabarito-com-Solucoes.pdf,ENA,
ena-2026-q16,ENA 2026,2026,16,Decimo termo da sequencia,Sequencias,,R008 (Deducao-Formal-Passo-a-Passo),R014 (Generalizacao-Matematica),,,,ENA-2026-Gabarito-com-Solucoes.pdf,ENA,
ena-2026-q17,ENA 2026,2026,17,Resto de divisao,Teoria dos Numeros,,R008 (Deducao-Formal-Passo-a-Passo),R008 (Deducao-Formal-Passo-a-Passo),,,,ENA-2026-Gabarito-com-Solucoes.pdf,ENA,
ena-2026-q18,ENA 2026,2026,18,Area maxima triangulo retangulo inscrito,Geometria Plana,,R054 (Otimizacao-Restrita),R065 (Simetria-Conservacao),,,,ENA-2026-Gabarito-com-Solucoes.pdf,ENA,
ena-2026-q19,ENA 2026,2026,19,Cardinalidade de uniao,Teoria dos Conjuntos,,R014 (Generalizacao-Matematica),R008 (Deducao-Formal-Passo-a-Passo),,,,ENA-2026-Gabarito-com-Solucoes.pdf,ENA,
ena-2026-q20,ENA 2026,2026,20,Circulo tangente a quadrados,Geometria Plana,,R065 (Simetria-Conservacao),R066 (Dimensional-Analitico),,,,ENA-2026-Gabarito-com-Solucoes.pdf,ENA,
ena-2026-q21,ENA 2026,2026,21,Ordem crescente com 0<a<b<1,Algebra,,R009 (Critica-por-Contraexemplo),R008 (Deducao-Formal-Passo-a-Passo),,,,ENA-2026-Gabarito-com-Solucoes.pdf,ENA,
ena-2026-q22,ENA 2026,2026,22,Senha escape room,Logica,,R020 (Construcao-Escalonada),R006 (Dialetica-Socratica),,,,ENA-2026-Gabarito-com-Solucoes.pdf,ENA,
ena-2026-q23,ENA 2026,2026,23,Soma de PG,Sequencias,,R014 (Generalizacao-Matematica),R008 (Deducao-Formal-Passo-a-Passo),,,,ENA-2026-Gabarito-com-Solucoes.pdf,ENA,
ena-2026-q24,ENA 2026,2026,24,Estatistica descritiva,Estatistica,,R012 (Generalizacao-Estatistica),R008 (Deducao-Formal-Passo-a-Passo),,,,ENA-2026-Gabarito-com-Solucoes.pdf,ENA,
ena-2026-q25,ENA 2026,2026,25,Logica V/F cinco questoes,Logica,,R020 (Construcao-Escalonada),R023 (Reducao-ao-Absurdo),,,,ENA-2026-Gabarito-com-Solucoes.pdf,ENA,
ena-2026-q26,ENA 2026,2026,26,Probabilidade faces do cubo,Probabilidade,,R114 (Probabilidade-Contagem),R020 (Construcao-Escalonada),,,,ENA-2026-Gabarito-com-Solucoes.pdf,ENA,
ena-2026-q27,ENA 2026,2026,27,Razao entre triangulos,Geometria Plana,,R065 (Simetria-Conservacao),R066 (Dimensional-Analitico),,,,ENA-2026-Gabarito-com-Solucoes.pdf,ENA,
ena-2026-q28,ENA 2026,2026,28,Equacao irracional,Algebra,,R008 (Deducao-Formal-Passo-a-Passo),R027 (Verificacao-Empirica),,,,ENA-2026-Gabarito-com-Solucoes.pdf,ENA,
ena-2026-q29,ENA 2026,2026,29,Sistema linear recursivo,Algebra Linear,,R014 (Generalizacao-Matematica),R008 (Deducao-Formal-Passo-a-Passo),,,,ENA-2026-Gabarito-com-Solucoes.pdf,ENA,
ena-2026-q30,ENA 2026,2026,30,Torneiras enchendo tanque,Aritmetica,,R008 (Deducao-Formal-Passo-a-Passo),R008 (Deducao-Formal-Passo-a-Passo),,,,ENA-2026-Gabarito-com-Solucoes.pdf,ENA,
euf-2011-1-q01,EUF 2011/1,2011/1,01,Rolamento com e sem deslizamento em plano inclinado,Mecânica Clássica,,R065 (Simetria-Conservacao),R069 (Variacional-Principio),,,Rolamento com e sem deslizamento em plano inclinado,,EUF,
euf-2011-1-q02,EUF 2011/1,2011/1,02,Pêndulo invertido com excitação paramétrica,Mecânica Clássica,,R069 (Variacional-Principio),R072 (Estabilidade-Lyapunov),,,Pêndulo invertido com excitação paramétrica,,EUF,
euf-2011-1-q03,EUF 2011/1,2011/1,03,Modelo de Bohr modificado (força elástica) e difração de rai,Física Moderna,,R183 (Mecanica-Quantica-Particulas),R065 (Simetria-Conservacao),,,Modelo de Bohr modificado (força elástica) e difração de raios X,,EUF,
euf-2011-1-q04,EUF 2011/1,2011/1,04,Efeito fotoelétrico e espalhamento Compton,Física Moderna,,R183 (Mecanica-Quantica-Particulas),R065 (Simetria-Conservacao),,,Efeito fotoelétrico e espalhamento Compton,,EUF,
euf-2011-1-q05,EUF 2011/1,2011/1,05,Modelo de paredes de domínio magnético 1D,Mecânica Estatística,,R073 (Caos-Deterministico),R117 (Monte-Carlo-MCMC),,,Modelo de paredes de domínio magnético 1D,,EUF,
euf-2011-1-q06,EUF 2011/1,2011/1,06,Esfera condutora em campo elétrico uniforme,Eletromagnetismo,,R071 (Dualidade-Transformacao),R065 (Simetria-Conservacao),,,Esfera condutora em campo elétrico uniforme,,EUF,
euf-2011-1-q07,EUF 2011/1,2011/1,07,Fio com corrente e capacitor de placas paralelas (corrente d,Eletromagnetismo,,R071 (Dualidade-Transformacao),R065 (Simetria-Conservacao),,,Fio com corrente e capacitor de placas paralelas (corrente de deslocamento),,EUF,
euf-2011-1-q08,EUF 2011/1,2011/1,08,Oscilador harmônico quântico 1D,Mecânica Quântica,,R183 (Mecanica-Quantica-Particulas),R201 (Superposicao-Quantica),,,Oscilador harmônico quântico 1D,,EUF,
euf-2011-1-q09,EUF 2011/1,2011/1,09,Momento angular orbital l=1,Mecânica Quântica,,R229 (Homotopia-Fundamental),R183 (Mecanica-Quantica-Particulas),,,Momento angular orbital l=1,,EUF,
euf-2011-1-q10,EUF 2011/1,2011/1,10,Expansão isotérmica reversível e expansão livre de gás ideal,Termodinâmica,,R117 (Monte-Carlo-MCMC),R073 (Caos-Deterministico),,,Expansão isotérmica reversível e expansão livre de gás ideal,,EUF,
euf-2012-2-q01,EUF 2012/2,2012/2,01,Cilindro condutor com furo,Eletromagnetismo,,R071 (Dualidade-Transformacao),R065 (Simetria-Conservacao),,,"Cilindro condutor com furo: potencial de Laplace, capacitância, resistência",,EUF,
euf-2012-2-q02,EUF 2012/2,2012/2,02,Campo magnético de cilindro com corrente não-uniforme,Eletromagnetismo,,R065 (Simetria-Conservacao),R229 (Homotopia-Fundamental),,,Campo magnético de cilindro com corrente não-uniforme,,EUF,
euf-2012-2-q03,EUF 2012/2,2012/2,03,Modelo de Bohr,Física Moderna,,R183 (Mecanica-Quantica-Particulas),R065 (Simetria-Conservacao),,,"Modelo de Bohr: átomo de hidrogênio, lítio ionizado, série de Balmer",,EUF,
euf-2012-2-q04,EUF 2012/2,2012/2,04,Efeito fotoelétrico,Física Moderna,,R183 (Mecanica-Quantica-Particulas),R035,,,Efeito fotoelétrico: extração de constantes de gráficos experimentais,,EUF,
euf-2012-2-q05,EUF 2012/2,2012/2,05,Equilíbrio térmico de corpos com capacidade térmica finita e,Termodinâmica,,R117 (Monte-Carlo-MCMC),R073 (Caos-Deterministico),,,Equilíbrio térmico de corpos com capacidade térmica finita e máquina térmica reversível,,EUF,
euf-2012-2-q06,EUF 2012/2,2012/2,06,Corpo celeste em trajetória hiperbólica,Mecânica Clássica,,R065 (Simetria-Conservacao),R069 (Variacional-Principio),,,"Corpo celeste em trajetória hiperbólica: momento angular, energia e colisão",,EUF,
euf-2012-2-q07,EUF 2012/2,2012/2,07,Bola em mola com potencial não-linear U(x),Mecânica Clássica,,R069 (Variacional-Principio),R072 (Estabilidade-Lyapunov),,,Bola em mola com potencial não-linear U(x),,EUF,
euf-2012-2-q08,EUF 2012/2,2012/2,08,Poço infinito 1D com perturbação senoidal de primeira ordem,Mecânica Quântica,,R067 (Perturbativo),R183 (Mecanica-Quantica-Particulas),,,Poço infinito 1D com perturbação senoidal de primeira ordem,,EUF,
euf-2012-2-q09,EUF 2012/2,2012/2,09,Spin 1/2,Mecânica Quântica,,R229 (Homotopia-Fundamental),R183 (Mecanica-Quantica-Particulas),,,"Spin 1/2: operador de spin em direção arbitrária, autovalores e probabilidades",,EUF,
euf-2012-2-q10,EUF 2012/2,2012/2,10,Gás ultrarelativístico,Mecânica Estatística,,R117 (Monte-Carlo-MCMC),R114 (Probabilidade-Bayesiana),,,"Gás ultrarelativístico: função partição, pressão, entropia e energia interna",,EUF,
euf-2014-2-q01,EUF 2014-2,2014,01,Capacitor esférico,Eletromagnetismo,Eletrostática,R065 (Simetria-Conservacao),R069 (Variacional-Principio),Potencial e Campo,Capacitância,"Capacitor esférico: Lei de Gauss, simetria esférica, densidade de energia, capacitância",,EUF,Aplicar
euf-2014-2-q02,EUF 2014-2,2014,02,Campo magnético de bobinas de Helmholtz,Eletromagnetismo,Magnetostática,R065 (Simetria-Conservacao),R069 (Variacional-Principio),Campo Magnético,Lei de Biot-Savart,"Bobinas de Helmholtz: simetria axial, condição de campo uniforme, dB/dz=0 e d²B/dz²=0",,EUF,Analisar
euf-2014-2-q03,EUF 2014-2,2014,03,Radiação de corpo negro,Física Moderna,Radiação de Corpo Negro,R070 (Limite-Assintotico),R071 (Dualidade-Transformacao),Termodinâmica Quântica,Lei de Planck,"Radiação de corpo negro: limites assintóticos hν≪kT, transformação ν→λ, lei de Stefan-Boltzmann",,EUF,Analisar
euf-2014-2-q04,EUF 2014-2,2014,04,Colisão relativística inelástica,Física Moderna,Relatividade Restrita,R071 (Dualidade-Transformacao),R065 (Simetria-Conservacao),Cinemática Relativística,Colisões Inelásticas,"Colisão inelástica relativística: transformação de Lorentz, conservação de 4-momento, perda de energia",,EUF,Aplicar
euf-2014-2-q05,EUF 2014-2,2014,05,Equação de estado e energia molar,Termodinâmica,Equações de Estado,R008 (Deducao-Formal-Passo-a-Passo),R066 (Dimensional-Analitico),Potenciais Termodinâmicos,Energia Interna,"Equação de estado e energia molar: derivadas parciais, identidade (∂u/∂v)_T = T(∂p/∂T)_v - p, expansão livre",,EUF,Analisar
euf-2014-2-q06,EUF 2014-2,2014,06,Pêndulo com suporte móvel,Mecânica Clássica,Lagrangiana,R069 (Variacional-Principio),R054 (Otimizacao-Restrita),Oscilações,Pêndulo Forçado,"Pêndulo com suporte móvel: Lagrangiana, Euler-Lagrange, oscilações forçadas, frequência de ressonância",,EUF,Aplicar
euf-2014-2-q07,EUF 2014-2,2014,07,Átomo de trítio e decaimento beta,Mecânica Clássica,Força Central,R065 (Simetria-Conservacao),R069 (Variacional-Principio),Leis de Conservação,Órbita Kepleriana,"Átomo de trítio e decaimento beta: força central, conservação de energia/momento angular, transição de órbita",,EUF,Aplicar
euf-2014-2-q08,EUF 2014-2,2014,08,Hamiltoniano da molécula de amônia,Mecânica Quântica,Postulados,R109 (Espectral-Operadores),R008 (Deducao-Formal-Passo-a-Passo),Álgebra Linear,Autovalores e Autovetores,"Hamiltoniano da amônia: diagonalização 2×2, autovalores, probabilidade de transição, regra de Born",,EUF,Aplicar
euf-2014-2-q09,EUF 2014-2,2014,09,Oscilador harmônico 3D,Mecânica Quântica,Potenciais Exatos,R010 (Decomposicao-Modular),R109 (Espectral-Operadores),Oscilador Harmônico,3D Isotrópico,"Oscilador harmônico 3D: separação de variáveis, equação radial, espectro, degenerescência",,EUF,Analisar
euf-2014-2-q10,EUF 2014-2,2014,10,Gás ideal clássico canônico,Mecânica Estatística,Ensemble Canônico,R069 (Variacional-Principio),R070 (Limite-Assintotico),Gás Ideal,Função de Partição,"Gás ideal clássico canônico: Hamiltoniana, integral de fase, função de partição, limite termodinâmico",,EUF,Aplicar
euf-2015-1-q01,EUF 2015/1,2015/1,01,Esfera condutora aterrada em campo de carga pontual,Eletromagnetismo,,R071 (Dualidade-Transformacao),R065 (Simetria-Conservacao),,,Esfera condutora aterrada em campo de carga pontual: método das imagens,,EUF,
euf-2015-1-q02,EUF 2015/1,2015/1,02,Radiação de corpo negro e constante de Planck,Física Moderna,,R183 (Mecanica-Quantica-Particulas),R066 (Dimensional-Analitico),,,Radiação de corpo negro e constante de Planck,,EUF,
euf-2015-1-q03,EUF 2015/1,2015/1,03,Gás ideal,Termodinâmica,,R117 (Monte-Carlo-MCMC),R065 (Simetria-Conservacao),,,"Gás ideal: ciclo termodinâmico com transformações isobárica, isovolumétrica e isotérmica",,EUF,
euf-2015-1-q04,EUF 2015/1,2015/1,04,Corrente de deslocamento em capacitor de placas paralelas co,Eletromagnetismo,,R071 (Dualidade-Transformacao),R065 (Simetria-Conservacao),,,Corrente de deslocamento em capacitor de placas paralelas com dielétrico,,EUF,
euf-2015-1-q05,EUF 2015/1,2015/1,05,"Decaimento beta, neutrino e momento angular do nêutron",Física Moderna,,R183 (Mecanica-Quantica-Particulas),R065 (Simetria-Conservacao),,,"Decaimento beta, neutrino e momento angular do nêutron",,EUF,
euf-2015-1-q06,EUF 2015/1,2015/1,06,Partícula em campo de força central,Mecânica Clássica,,R069 (Variacional-Principio),R072 (Estabilidade-Lyapunov),,,"Partícula em campo de força central: energia potencial efetiva, órbitas, pequenas oscilações",,EUF,
euf-2015-1-q07,EUF 2015/1,2015/1,07,Pêndulo simples,Mecânica Clássica,,R069 (Variacional-Principio),R067 (Perturbativo),,,"Pêndulo simples: Lagrangiana, equação de movimento, frequência, amortecimento",,EUF,
euf-2015-1-q08,EUF 2015/1,2015/1,08,Partícula em poço de potencial infinito 1D,Mecânica Quântica,,R183 (Mecanica-Quantica-Particulas),R201 (Superposicao-Quantica),,,Partícula em poço de potencial infinito 1D: autoestados e evolução temporal,,EUF,
euf-2015-1-q09,EUF 2015/1,2015/1,09,Spin 1/2,Mecânica Quântica,,R229 (Homotopia-Fundamental),R183 (Mecanica-Quantica-Particulas),,,Spin 1/2: valor esperado e probabilidades em direção arbitrária,,EUF,
euf-2015-1-q10,EUF 2015/1,2015/1,10,Osciladores harmônicos clássicos 3D,Mecânica Estatística,,R117 (Monte-Carlo-MCMC),R114 (Probabilidade-Bayesiana),,,"Osciladores harmônicos clássicos 3D: função partição canônica, energia e capacidade térmica",,EUF,
euf-2015-2-q01,EUF 2015/2,2015/2,01,Potencial escalar e vetor de uma espira de corrente e torque,Eletromagnetismo,,R071 (Dualidade-Transformacao),R229 (Homotopia-Fundamental),,,Potencial escalar e vetor de uma espira de corrente e torque magnético,,EUF,
euf-2015-2-q02,EUF 2015/2,2015/2,02,Decaimento do méson K⁰ em dois píons,Física Moderna,,R065 (Simetria-Conservacao),R183 (Mecanica-Quantica-Particulas),,,Decaimento do méson K⁰ em dois píons: cinemática relativística,,EUF,
euf-2015-2-q03,EUF 2015/2,2015/2,03,Gás ideal,Termodinâmica,,R117 (Monte-Carlo-MCMC),R065 (Simetria-Conservacao),,,Gás ideal: potência de máquina térmica entre reservatórios,,EUF,
euf-2015-2-q04,EUF 2015/2,2015/2,04,Propagação de onda eletromagnética em guia de onda retangula,Eletromagnetismo,,R071 (Dualidade-Transformacao),R067 (Perturbativo),,,Propagação de onda eletromagnética em guia de onda retangular,,EUF,
euf-2015-2-q05,EUF 2015/2,2015/2,05,Raios X,Física Moderna,,R183 (Mecanica-Quantica-Particulas),R229 (Homotopia-Fundamental),,,"Raios X: emissão, atenuação e difração em cristal",,EUF,
euf-2015-2-q06,EUF 2015/2,2015/2,06,Massa oscilando em aro circular com mola,Mecânica Clássica,,R069 (Variacional-Principio),R072 (Estabilidade-Lyapunov),,,Massa oscilando em aro circular com mola: Lagrangiana e estabilidade,,EUF,
euf-2015-2-q07,EUF 2015/2,2015/2,07,Lançamento de projétil com arrasto viscoso,Mecânica Clássica,,R011 (Inducao-Estrutural),R070 (Limite-Assintotico),,,Lançamento de projétil com arrasto viscoso,,EUF,
euf-2015-2-q08,EUF 2015/2,2015/2,08,Oscilador harmônico quântico 1D,Mecânica Quântica,,R183 (Mecanica-Quantica-Particulas),R201 (Superposicao-Quantica),,,"Oscilador harmônico quântico 1D: autoestados,⟨x⟩, evolução e pacote de onda",,EUF,
euf-2015-2-q09,EUF 2015/2,2015/2,09,Sistema de dois spins 1/2,Mecânica Quântica,,R202 (Emaranhamento-Quantico),R229 (Homotopia-Fundamental),,,Sistema de dois spins 1/2: estados emaranhados e medições em bases diferentes,,EUF,
euf-2015-2-q10,EUF 2015/2,2015/2,10,Sistema de dois níveis (N moléculas distinguíveis),Mecânica Estatística,,R117 (Monte-Carlo-MCMC),R073 (Caos-Deterministico),,,Sistema de dois níveis (N moléculas distinguíveis): entropia e energia,,EUF,
euf-2016-1-q01,EUF 2016/1,2016/1,01,Vetor de Hertz,Eletromagnetismo,,R071 (Dualidade-Transformacao),R065 (Simetria-Conservacao),,,Vetor de Hertz: calibre de Lorentz e equação de onda para polarização,,EUF,
euf-2016-1-q02,EUF 2016/1,2016/1,02,Disco vazado com densidade de carga σ(r) = σ₀/r,Eletromagnetismo,,R071 (Dualidade-Transformacao),R229 (Homotopia-Fundamental),,,"Disco vazado com densidade de carga σ(r) = σ₀/r: campos elétrico, corrente e magnético",,EUF,
euf-2016-1-q03,EUF 2016/1,2016/1,03,Decaimento do píon π⁺ → μ⁺ + νμ,Física Moderna,,R065 (Simetria-Conservacao),R183 (Mecanica-Quantica-Particulas),,,Decaimento do píon π⁺ → μ⁺ + νμ: cinemática relativística e distância média de decaimento,,EUF,
euf-2016-1-q04,EUF 2016/1,2016/1,04,Quantização de Bohr-Sommerfeld,Física Moderna,,R183 (Mecanica-Quantica-Particulas),R117 (Monte-Carlo-MCMC),,,Quantização de Bohr-Sommerfeld: oscilador harmônico e ensemble térmico,,EUF,
euf-2016-1-q05,EUF 2016/1,2016/1,05,Máquina de Carnot com paramagneto ideal (lei de Curie),Termodinâmica,,R117 (Monte-Carlo-MCMC),R073 (Caos-Deterministico),,,Máquina de Carnot com paramagneto ideal (lei de Curie),,EUF,
euf-2016-1-q06,EUF 2016/1,2016/1,06,Disco com densidades de massa diferentes,Mecânica Clássica,,R229 (Homotopia-Fundamental),R069 (Variacional-Principio),,,"Disco com densidades de massa diferentes: momento de inércia, centro de massa, rolamento",,EUF,
euf-2016-1-q07,EUF 2016/1,2016/1,07,Força central modificada (r⁻² + r⁻³),Mecânica Clássica,,R069 (Variacional-Principio),R072 (Estabilidade-Lyapunov),,,"Força central modificada (r⁻² + r⁻³): órbita circular, estabilidade e oscilações",,EUF,
euf-2016-1-q08,EUF 2016/1,2016/1,08,Dois spins 1/2,Mecânica Quântica,,R202 (Emaranhamento-Quantico),R229 (Homotopia-Fundamental),,,"Dois spins 1/2: estados emaranhados, valor esperado e autoestados de spin total",,EUF,
euf-2016-1-q09,EUF 2016/1,2016/1,09,Oscilador harmônico quântico,Mecânica Quântica,,R201 (Superposicao-Quantica),R183 (Mecanica-Quantica-Particulas),,,"Oscilador harmônico quântico: estado coerente, evolução temporal e sobreposição",,EUF,
euf-2016-1-q10,EUF 2016/1,2016/1,10,Sistema de N spins 1/2 em campo magnético,Mecânica Estatística,,R117 (Monte-Carlo-MCMC),R073 (Caos-Deterministico),,,"Sistema de N spins 1/2 em campo magnético: hamiltoniana, função partição e magnetização",,EUF,
